En/CapFrance;GDP/CapFrance;ModelFrance;En/CapItaly;GDP/CapItaly;ModelItaly;En/CapNetherlands;GDP/CapNetherlands;ModelNetherlands;En/CapSpain;GDP/CapSpain;ModelSpain;En/CapUnited States;GDP/CapUnited States;ModelUnited States
1.70E-09;0.1809;19.36827239;1.73E-09;0.263435;13.89224586;3.14E-09;0.418449;41.96179266;1.63E-09;0.1706;11.44942939;9.48E-09;0.363182;85.88228642
1.71E-09;0.1953;20.44666062;1.72E-09;0.268811;14.20988152;3.13E-09;0.411052;41.2222659;1.59E-09;0.172;11.53044722;9.77E-09;0.416149;91.13061534
1.71E-09;0.1875;19.86230313;1.69E-09;0.264203;13.93761267;3.12E-09;0.433779;43.49555729;1.56E-09;0.1785;11.90669661;9.60E-09;0.440189;93.56019257
1.71E-09;0.1934;20.30427614;1.67E-09;0.278028;14.75482712;3.12E-09;0.424421;42.55911499;1.54E-09;0.1785;11.90669661;9.12E-09;0.463716;95.96573175
1.71E-09;0.1986;20.69404494;1.64E-09;0.258827;13.62010852;3.11E-09;0.444563;44.57534033;1.53E-09;0.1804;12.01671456;9.38E-09;0.4803;97.67755017
1.71E-09;0.1898;20.03456311;1.62E-09;0.261131;13.75615948;3.11E-09;0.418449;41.96179266;1.53E-09;0.1892;12.52646015;9.15E-09;0.510512;100.8295349
1.70E-09;0.1949;20.41667928;1.63E-09;0.262667;13.8468767;3.10E-09;0.421569;42.27382681;1.52E-09;0.18;11.99354459;9.44E-09;0.625573;113.2037495
1.69E-09;0.1908;20.10946563;1.63E-09;0.26958;14.25532675;3.10E-09;0.386275;38.74800753;1.51E-09;0.1742;11.65778024;9.54E-09;0.642414;115.0604376
1.68E-09;0.1897;20.02707015;1.64E-09;0.282636;15.02743672;3.16E-09;0.2632;26.54262678;1.51E-09;0.1774;11.84301209;1.06E-08;0.666455;117.7294085
1.68E-09;0.1946;20.39419695;1.64E-09;0.281112;14.93726183;3.36E-09;0.3011;30.28360955;1.50E-09;0.1862;12.35264529;1.05E-08;0.715951;123.2891189
1.68E-09;0.1898;20.03456311;1.65E-09;0.2593;13.64804235;3.35E-09;0.2869;28.87991306;1.51E-09;0.193;12.74668277;1.20E-08;0.803757;133.3436468
1.68E-09;0.1926;20.24432928;1.66E-09;0.2581;13.57718835;3.33E-09;0.2898;29.16639007;1.52E-09;0.1932;12.75827857;1.50E-08;0.912133;146.0261955
1.68E-09;0.2091;21.48180923;1.68E-09;0.2715;14.36881959;3.33E-09;0.2942;29.60123566;1.53E-09;0.1932;12.75827857;1.71E-08;0.963678;152.136997
1.71E-09;0.2053;21.19660138;1.71E-09;0.2727;14.43975626;3.36E-09;0.2807;28.26778439;1.53E-09;0.1959;12.91477121;1.67E-08;0.916418;146.5325543
1.75E-09;0.2056;21.21911334;1.74E-09;0.2662;14.05558715;3.39E-09;0.3006;30.23413892;1.52E-09;0.1946;12.83942046;1.90E-08;1.015293;158.2916402
1.78E-09;0.2125;21.73707911;1.73E-09;0.2678;14.15013678;3.41E-09;0.2947;29.65066047;1.52E-09;0.1865;12.37003062;1.83E-08;1.114977;170.2357073
1.82E-09;0.209;21.47429839;1.72E-09;0.2745;14.54618393;3.44E-09;0.2974;29.91762608;1.51E-09;0.1977;13.01912697;1.83E-08;1.069498;164.7807305
1.86E-09;0.2118;21.68451643;1.74E-09;0.2753;14.59348682;3.46E-09;0.3121;31.37258813;1.51E-09;0.1946;12.83942046;1.52E-08;0.968084;152.6611455
1.86E-09;0.2211;22.38320842;1.77E-09;0.2796;14.84781484;3.49E-09;0.31;31.16458726;1.50E-09;0.1701;11.42049976;1.81E-08;1.20051;180.491229
1.85E-09;0.213;21.7746389;1.80E-09;0.288;15.34490876;3.51E-09;0.3022;30.39244221;1.50E-09;0.176;11.76197176;2.22E-08;1.647755;232.1060452
1.84E-09;0.2276;22.8719421;1.83E-09;0.2915;15.55212601;3.54E-09;0.3068;30.84772753;1.49E-09;0.1809;12.04566691;2.12E-08;1.524;218.3824623
1.86E-09;0.2321;23.21048672;1.85E-09;0.2942;15.71202629;3.56E-09;0.325;32.65137147;1.48E-09;0.1948;12.85101755;2.27E-08;1.737;241.6128454
1.88E-09;0.226;22.75160935;1.86E-09;0.2898;15.4514695;3.58E-09;0.3319;33.33609496;1.46E-09;0.2246;14.58012176;2.34E-08;1.8057;248.6763047
1.91E-09;0.237;23.57929189;1.87E-09;0.2941;15.70610532;3.60E-09;0.3325;33.39565925;1.43E-09;0.2428;15.63769465;2.63E-08;2.139;279.2444141
1.93E-09;0.2444;24.13660384;1.88E-09;0.3005;16.08525816;3.60E-09;0.3038;30.55077834;1.42E-09;0.2216;14.40590138;2.74E-08;2.2529;288.1215314
1.97E-09;0.2359;23.4964921;1.92E-09;0.3081;16.53574593;3.56E-09;0.3264;32.79026228;1.43E-09;0.2276;14.75437306;2.81E-08;2.2842;290.4120226
2.01E-09;0.2356;23.47390219;1.96E-09;0.3065;16.44088256;3.52E-09;0.3417;34.3094413;1.45E-09;0.2346;15.16107296;2.95E-08;2.3691;296.2968414
2.03E-09;0.2606;25.35800006;2.00E-09;0.2971;15.88381076;3.49E-09;0.3341;33.5545194;1.45E-09;0.2601;16.64390917;3.08E-08;2.4195;299.5622825
1.93E-09;0.2437;24.0838659;1.97E-09;0.2974;15.90158358;3.45E-09;0.337;33.84250703;1.44E-09;0.2495;16.02727705;3.16E-08;2.3958;298.0479488
1.94E-09;0.2506;24.60383838;1.90E-09;0.3014;16.13859169;3.49E-09;0.336;33.74318756;1.44E-09;0.2316;14.98675161;3.20E-08;2.4394;300.8047256
1.97E-09;0.2546;24.9054266;1.89E-09;0.3017;16.15637033;3.55E-09;0.3472;34.85611701;1.45E-09;0.252;16.17268301;3.33E-08;2.5414;306.7569132
2.04E-09;0.2499;24.55107777;1.89E-09;0.3064;16.43495044;3.62E-09;0.3553;35.66176164;1.47E-09;0.2538;16.27738517;3.44E-08;2.6602;312.8186766
2.12E-09;0.2652;25.70514228;1.95E-09;0.3081;16.53574593;3.69E-09;0.359;36.02997074;1.47E-09;0.2547;16.32974527;3.32E-08;2.6286;311.2968886
2.21E-09;0.2515;24.6716944;1.91E-09;0.3107;16.68991228;3.75E-09;0.3588;36.01006866;1.46E-09;0.2582;16.53335504;3.21E-08;2.5956;309.6378267
2.29E-09;0.2627;25.51647065;1.86E-09;0.3153;16.96274754;3.82E-09;0.3623;36.35848292;1.45E-09;0.259;16.57990586;3.36E-08;2.7058;314.9002856
2.37E-09;0.2577;25.13921981;1.84E-09;0.3158;16.99241023;3.72E-09;0.3658;36.70700814;1.47E-09;0.2493;16.0156529;3.41E-08;2.8001;318.7829072
2.36E-09;0.2687;25.96936383;1.86E-09;0.3145;16.91529046;3.62E-09;0.3569;35.82097402;1.51E-09;0.2436;15.68420962;3.40E-08;2.9286;323.1844119
2.35E-09;0.2836;27.09502598;1.88E-09;0.318;17.12292789;3.52E-09;0.3507;35.20415958;1.53E-09;0.2381;15.3644828;3.40E-08;2.9949;325.069353
2.34E-09;0.3029;28.55499672;1.88E-09;0.3264;17.6214608;3.43E-09;0.354;35.53241957;1.53E-09;0.2475;15.91097435;3.25E-08;2.9611;324.1404539
2.40E-09;0.2828;27.0345554;1.87E-09;0.3317;17.9361483;3.44E-09;0.3515;35.28372616;1.52E-09;0.2469;15.87608364;3.13E-08;3.0056;325.3496918
2.47E-09;0.3016;28.45658445;1.86E-09;0.3371;18.25688024;3.46E-09;0.3521;35.34341301;1.53E-09;0.2463;15.841194;2.97E-08;2.921;322.9518472
2.54E-09;0.282;26.97407817;1.88E-09;0.3402;18.44104679;3.47E-09;0.3545;35.58216354;1.56E-09;0.2509;16.10870481;2.93E-08;3.0158;325.6108455
2.59E-09;0.3051;28.72154489;1.89E-09;0.3461;18.79165103;3.49E-09;0.3602;36.14941783;1.59E-09;0.2719;17.33069709;3.05E-08;3.2076;329.4564524
2.62E-09;0.3145;29.43342977;1.94E-09;0.3532;19.2137072;3.51E-09;0.3709;37.21505893;1.59E-09;0.2603;16.65555052;3.02E-08;3.3023;330.6515128
2.66E-09;0.3169;29.61525621;2.02E-09;0.3652;19.92739168;3.53E-09;0.3779;37.91274489;1.58E-09;0.2633;16.83011724;3.01E-08;3.385;331.3440976
2.76E-09;0.3067;28.84267771;2.10E-09;0.3716;20.30817948;3.58E-09;0.3834;38.46121351;1.60E-09;0.2589;16.57408553;3.08E-08;3.473;331.743884
2.81E-09;0.3083;28.96384701;2.16E-09;0.3795;20.77835084;3.63E-09;0.379;38.02241739;1.63E-09;0.233;15.06810161;3.19E-08;3.5863;331.7829298
2.83E-09;0.289;27.50330277;2.20E-09;0.3826;20.96289685;3.68E-09;0.3704;37.16523707;1.65E-09;0.2469;15.87608364;3.24E-08;3.6756;331.4655783
2.84E-09;0.3159;29.53950402;2.20E-09;0.3829;20.98075522;3.79E-09;0.3931;39.42909927;1.70E-09;0.2628;16.80102111;3.21E-08;3.6982;331.3397272
2.82E-09;0.3198;29.83500944;2.21E-09;0.387;21.2248513;3.91E-09;0.3824;38.36147741;1.75E-09;0.2636;16.84758189;3.18E-08;3.646396;331.601458
2.70E-09;0.299;28.25981179;2.27E-09;0.3875;21.25462169;4.03E-09;0.3977;39.88835385;1.81E-09;0.2676;17.08038891;3.19E-08;3.72403;331.1742936
2.80E-09;0.3027;28.53985739;2.33E-09;0.4057;22.33859016;4.08E-09;0.3907;39.18955073;1.89E-09;0.2885;18.29744123;3.23E-08;3.776154;330.7724935
2.93E-09;0.3312;30.69920659;2.24E-09;0.3835;21.01647253;4.05E-09;0.38;38.12212848;1.84E-09;0.274;17.45296749;3.26E-08;3.880728;329.7079515
3.01E-09;0.3064;28.81997299;2.22E-09;0.3642;19.8679025;4.02E-09;0.3665;36.77673166;1.76E-09;0.2713;17.29576628;3.29E-08;3.939063;328.9746969
2.91E-09;0.3438;31.65503071;2.18E-09;0.3942;21.65359727;3.99E-09;0.384;38.52105754;1.77E-09;0.266;16.98725222;3.36E-08;4.041275;327.4706834
2.92E-09;0.3537;32.40645253;2.00E-09;0.3955;21.73102304;4.03E-09;0.3735;37.47415169;1.80E-09;0.2622;16.76610442;3.34E-08;4.172267;325.1769951
2.94E-09;0.3233;30.10027142;2.14E-09;0.3856;21.14149458;4.08E-09;0.3881;38.93009516;1.83E-09;0.2775;17.65676429;3.32E-08;4.307276;322.4411635
2.96E-09;0.339;31.29081948;2.05E-09;0.3701;20.21892802;4.13E-09;0.3953;39.6487247;1.85E-09;0.2828;17.96540474;3.34E-08;4.457585;319.0244573
3.07E-09;0.3333;30.85846125;2.00E-09;0.3789;20.74264428;4.30E-09;0.4111;41.22706262;1.85E-09;0.2917;18.48386809;3.38E-08;4.588647;315.7837267
3.17E-09;0.3113;29.19104764;2.12E-09;0.366;19.97498378;4.49E-09;0.4117;41.28703945;1.87E-09;0.2978;18.83930784;3.26E-08;4.587801;315.8053196
3.26E-09;0.3379;31.20737725;2.24E-09;0.3928;21.57022723;4.67E-09;0.4272;42.83714667;1.92E-09;0.2823;17.93629562;3.28E-08;4.62663;314.8060435
3.35E-09;0.3497;32.10279918;2.36E-09;0.4248;23.47668152;4.75E-09;0.4127;41.38699829;1.97E-09;0.3027;19.12487642;3.26E-08;4.7158;312.4521231
3.44E-09;0.3647;33.24176533;2.47E-09;0.4324;23.92963636;4.81E-09;0.4152;41.63692436;1.97E-09;0.2915;18.47221161;3.30E-08;4.849272;308.7976192
3.47E-09;0.3647;33.24176533;2.46E-09;0.458;25.45559946;4.86E-09;0.4286;42.97723751;1.91E-09;0.3067;19.35803082;3.27E-08;4.965476;305.514531
3.40E-09;0.3591;32.81646096;2.64E-09;0.4576;25.4317548;4.91E-09;0.4422;44.33867908;1.84E-09;0.2962;18.74607175;3.21E-08;5.048986;303.1105558
3.33E-09;0.3518;32.26220103;2.74E-09;0.4454;24.70451595;4.94E-09;0.4364;43.75793159;1.92E-09;0.2973;18.81017171;3.23E-08;5.090174;301.9139602
3.29E-09;0.3566;32.62662948;2.59E-09;0.4693;26.1291881;4.89E-09;0.4414;44.25856534;1.97E-09;0.3076;19.41050093;3.12E-08;5.027575;303.7299166
3.37E-09;0.3585;32.77090821;2.66E-09;0.4889;27.29739121;4.84E-09;0.4503;45.15004166;2.01E-09;0.3014;19.04911565;2.94E-08;4.845293;308.908526
3.44E-09;0.3617;33.01390557;2.46E-09;0.4631;25.75961386;4.79E-09;0.4337;43.48765036;1.96E-09;0.2979;18.84514844;3.01E-08;4.926692;306.6191774
3.52E-09;0.3701;33.65197593;2.26E-09;0.4538;25.20523555;5.02E-09;0.4584;45.96173713;1.91E-09;0.3024;19.1073963;2.96E-08;4.9675;305.4566623
3.75E-09;0.3787;34.30543979;2.14E-09;0.4602;25.5867391;5.28E-09;0.4595;46.07199652;1.89E-09;0.3244;20.39006426;2.86E-08;5.0394;303.3880899
3.75E-09;0.3877;34.98952085;2.29E-09;0.4514;25.06216716;5.31E-09;0.4651;46.63338841;1.88E-09;0.3322;20.84500369;2.91E-08;5.0863;302.0267767
3.74E-09;0.3974;35.72702934;2.44E-09;0.4466;24.7760434;5.31E-09;0.4637;46.49302492;2.04E-09;0.3427;21.45752981;2.92E-08;5.1664;299.6841624
3.79E-09;0.4041;36.23654214;2.44E-09;0.467;25.99209034;5.32E-09;0.4414;44.25856534;2.16E-09;0.3433;21.49254774;2.87E-08;5.2591;296.9521643
3.91E-09;0.4186;37.33951139;2.17E-09;0.4471;24.80585178;5.40E-09;0.4666;46.78378325;2.26E-09;0.3518;21.98850702;2.85E-08;5.3015;295.6973747
3.82E-09;0.4095;36.64726342;2.50E-09;0.4879;27.23779101;5.49E-09;0.4694;47.06455871;2.06E-09;0.3725;23.19653715;2.84E-08;5.400777;292.752182
3.93E-09;0.428;38.05469646;2.50E-09;0.4981;27.84560951;5.58E-09;0.4758;47.70644838;2.05E-09;0.365;22.75880453;2.92E-08;5.533474;288.8128397
4.09E-09;0.4207;37.4992644;2.50E-09;0.5246;29.42407351;5.64E-09;0.5053;50.66715237;2.12E-09;0.3959;24.56235658;;;
4.24E-09;0.4399;38.9602157;2.63E-09;0.5099;28.54861277;5.49E-09;0.5085;50.98849044;2.16E-09;0.3907;24.25883098;;;
4.39E-09;0.464;40.79430261;2.52E-09;0.4967;27.76218583;5.34E-09;0.5137;51.51071024;2.17E-09;0.4173;25.81143508;;;
4.44E-09;0.4584;40.3681101;2.49E-09;0.4661;25.9384389;5.45E-09;0.5157;51.71157928;2.17E-09;0.3923;24.3522225;;;
4.30E-09;0.4505;39.76688881;1.81E-09;0.3931;21.58809154;5.66E-09;0.5223;52.37453322;2.10E-09;0.3787;23.55840197;;;
4.31E-09;0.4423;39.1428488;1.36E-09;0.3162;17.01613773;5.85E-09;0.5231;52.45489231;2.03E-09;0.3856;23.96115229;;;
4.52E-09;0.4513;39.82776831;1.34E-09;0.2831;15.05489329;5.78E-09;0.5349;53.64040069;1.96E-09;0.369;22.99225747;;;
4.45E-09;0.4538;40.01803155;1.83E-09;0.3805;20.83788228;5.72E-09;0.5078;50.91819656;2.05E-09;0.3783;23.53505793;;;
4.37E-09;0.4613;40.58882004;2.25E-09;0.4498;24.96679409;5.65E-09;0.5035;50.48641878;2.05E-09;0.3806;23.66930632;;;
4.61E-09;0.4691;41.18243471;2.26E-09;0.4814;26.85041189;5.60E-09;0.5131;51.45044636;2.04E-09;0.2876;18.245005;;;
4.82E-09;0.4894;42.72721664;2.38E-09;0.5188;29.07869716;5.59E-09;0.5019;50.32577179;2.04E-09;0.2654;16.95233045;;;
4.86E-09;0.4854;42.42285072;2.51E-09;0.5582;31.42333006;5.58E-09;0.5247;52.61562397;2.03E-09;0.2636;16.84758189;;;
4.90E-09;0.5048;43.89886775;2.73E-09;0.5958;33.65652804;5.64E-09;0.5212;52.26402834;2.03E-09;0.2885;18.29744123;;;
4.94E-09;0.4726;41.44879566;2.75E-09;0.6371;36.10277657;5.79E-09;0.5359;53.74087608;1.97E-09;0.317;19.95853217;;;
5.10E-09;0.518;44.90284909;2.98E-09;0.679;38.57534352;5.88E-09;0.5421;54.36387627;1.91E-09;0.3191;20.0809821;;;
5.31E-09;0.5601;48.10229681;3.21E-09;0.7092;40.35056582;5.80E-09;0.5431;54.46435573;1.88E-09;0.3394;21.26501584;;;
4.99E-09;0.5555;47.7529617;3.29E-09;0.7453;42.46375116;5.93E-09;0.5435;54.50455317;1.89E-09;0.3551;22.18106059;;;
4.05E-09;0.5158;44.7355446;3.34E-09;0.7745;44.16517134;6.08E-09;0.5306;53.20836831;1.91E-09;0.3676;22.91054292;;;
3.82E-09;0.5177;44.88003815;3.68E-09;0.8158;46.55814281;5.84E-09;0.5483;54.98691523;1.95E-09;0.3357;21.04917204;;;
4.08E-09;0.552;47.48710912;3.55E-09;0.8544;48.77890996;5.66E-09;0.563;56.46426209;2.01E-09;0.3473;21.72592122;;;
4.34E-09;0.4748;41.61622306;3.97E-09;0.9011;51.44309776;5.77E-09;0.5544;55.59994837;2.11E-09;0.3513;21.95932128;;;
4.21E-09;0.3819;34.5486531;4.39E-09;0.943;53.81032989;5.87E-09;0.5541;55.56980121;2.18E-09;0.3478;21.75510512;;;
4.28E-09;0.4481;39.58424337;4.81E-09;1.0158;57.86575785;5.97E-09;0.5735;57.51956289;2.18E-09;0.3435;21.50422047;;;
5.21E-09;0.5144;44.62906721;5.23E-09;1.0882;61.81850597;6.10E-09;0.577;57.87133171;2.27E-09;0.3464;21.67341302;;;
4.97E-09;0.4901;42.7804846;5.64E-09;1.1576;65.52422362;6.22E-09;0.5592;56.0823453;2.41E-09;0.379;23.57590727;;;
5.41E-09;0.5754;49.26369588;6.04E-09;1.1934;67.40155913;6.35E-09;0.5628;56.44416078;2.46E-09;0.4105;25.41454777;;;
5.93E-09;0.5984;51.00784774;6.41E-09;1.2111;68.32072957;6.48E-09;0.5852;58.69546666;2.51E-09;0.4066;25.18690922;;;
6.43E-09;0.6661;56.12601116;6.91E-09;1.2659;71.1273394;6.60E-09;0.603;60.48424765;2.59E-09;0.4328;26.7160237;;;
6.57E-09;0.6641;55.97520828;7.44E-09;1.3476;75.19641238;6.87E-09;0.6158;61.77030351;2.80E-09;0.4442;27.38121919;;;
6.72E-09;0.6773;56.96998302;7.99E-09;1.4513;80.1496983;7.76E-09;0.6245;62.64425151;2.96E-09;0.4769;29.28845536;;;
6.84E-09;0.6621;55.8243811;8.55E-09;1.5248;83.5088808;8.27E-09;0.6454;64.7429571;2.97E-09;0.49;30.0520574;;;
6.92E-09;0.7063;59.15095134;9.38E-09;1.5492;84.59519848;7.26E-09;0.6166;61.85068387;2.92E-09;0.5176;31.6597255;;;
7.37E-09;0.7508;62.48400712;9.81E-09;1.5683;85.43532237;7.12E-09;0.6258;62.774835;2.97E-09;0.5085;31.1298527;;;
7.40E-09;0.7224;60.35885557;1.02E-08;1.6035;86.95985586;6.13E-09;0.6306;63.25690862;3.12E-09;0.5037;30.85028197;;;
6.93E-09;0.6751;56.80427296;1.06E-08;1.695;90.77585303;5.19E-09;0.5781;57.98188181;3.18E-09;0.5587;34.05012114;;;
6.49E-09;0.6311;53.4832672;1.05E-08;1.7607;93.38224569;4.92E-09;0.5343;53.58011027;3.26E-09;0.6083;36.92731717;;;
6.45E-09;0.6757;56.8494707;1.02E-08;1.7123;91.47309695;6.13E-09;0.657;65.90721133;3.37E-09;0.6639;40.13988158;;;
6.36E-09;0.6682;56.2843261;1.08E-08;1.8147;95.43930371;6.13E-09;0.6727;67.48215337;3.52E-09;0.6945;41.9010572;;;
6.31E-09;0.6513;55.00945343;1.07E-08;1.8599;97.10141911;6.11E-09;0.7063;70.84889191;3.74E-09;0.742;44.62360643;;;
6.49E-09;0.6765;56.90972893;1.10E-08;1.923;99.33000634;6.81E-09;0.7331;73.52962762;4.18E-09;0.7881;47.25103864;;;
6.72E-09;0.7152;59.8189439;1.13E-08;2.0275;102.7840829;6.74E-09;0.7388;74.09916633;4.47E-09;0.8215;49.14443552;;;
6.45E-09;0.7119;59.57133483;1.10E-08;2.0959;104.8846725;7.00E-09;0.7803;78.23823316;4.65E-09;0.8606;51.34900621;;;
5.85E-09;0.764;63.46917358;1.07E-08;2.1041;105.1279881;7.27E-09;0.8019;80.38660933;5.21E-09;0.9307;55.26585312;;;
4.55E-09;0.6443;54.48085688;1.05E-08;2.1123;105.3694909;7.58E-09;0.8541;85.5586624;5.56E-09;0.9511;56.39641222;;;
4.37E-09;0.5274;45.61760626;1.02E-08;2.1345;106.0141823;7.94E-09;0.8773;87.84716121;6.05E-09;0.9894;58.50679582;;;
4.60E-09;0.4752;41.64665759;1.04E-08;2.1868;107.4804256;8.32E-09;0.9118;91.23721302;6.47E-09;1.0796;63.4093004;;;
4.03E-09;0.4559;40.17785874;1.03E-08;2.2469;109.0746549;8.75E-09;0.9068;90.74692844;7.02E-09;1.1638;67.891462;;;
3.66E-09;0.3861;34.86789636;1.06E-08;2.3106;110.659323;8.52E-09;0.8931;89.40172864;7.22E-09;1.2388;71.79955348;;;
4.41E-09;0.4101;36.69289261;1.09E-08;2.3824;112.3173035;8.25E-09;0.8265;82.82773008;7.34E-09;1.2621;72.99646378;;;
5.58E-09;0.6145;52.22732727;1.12E-08;2.4743;114.2443741;8.01E-09;0.8026;80.45615943;7.77E-09;1.3053;75.19310215;;;
6.42E-09;0.6596;55.63581064;1.15E-08;2.5454;115.5879762;7.86E-09;0.79;79.20355458;7.94E-09;1.3342;76.64582666;;;
6.70E-09;0.7002;58.69273826;1.15E-08;2.6003;116.5393597;7.85E-09;0.7659;76.80361357;7.89E-09;1.3573;77.79707336;;;
7.10E-09;0.7884;65.28559321;1.18E-08;2.657036;117.4452796;7.90E-09;0.7857;78.77573122;8.42E-09;1.3681;78.33224988;;;
6.72E-09;0.8266;68.11629739;1.18E-08;2.696061;118.0236282;8.17E-09;0.8273;82.90701313;8.42E-09;1.4008;79.94050194;;;
7.27E-09;0.8705;71.3477543;1.16E-08;2.69024;117.9396564;8.43E-09;0.866;86.73334536;8.43E-09;1.3895;79.386821;;;
7.48E-09;0.8869;72.54851833;1.15E-08;2.766826;118.9811787;8.57E-09;0.8368;83.84790082;8.37E-09;1.4045;80.12130946;;;
7.09E-09;0.906;73.94228913;1.20E-08;2.866635;120.1375623;8.60E-09;0.8837;88.47725478;8.52E-09;1.4237;81.05573394;;;
7.50E-09;0.9428;76.6127423;1.21E-08;2.923128;120.6946767;6.78E-09;0.7701;77.22223217;8.60E-09;1.4308;81.39962939;;;
7.56E-09;0.9881;79.87118856;1.23E-08;2.99607;121.313535;6.50E-09;0.7222;72.43988931;8.50E-09;1.469;83.23447652;;;
8.04E-09;1.0278;82.69872031;1.26E-08;3.064963;121.7974379;6.23E-09;0.6546;65.66637141;8.66E-09;1.5237;85.81560787;;;
8.55E-09;1.0779;86.22668135;1.30E-08;3.134048;122.1881386;5.71E-09;0.6346;63.65860469;8.95E-09;1.6268;90.52708413;;;
8.37E-09;1.0927;87.25982554;1.32E-08;3.271698;122.6985021;4.57E-09;0.4222;42.33694254;9.32E-09;1.7272;94.91433135;;;
8.34E-09;1.1124;88.62836753;1.32E-08;3.351143;122.8395358;3.93E-09;0.4281;42.92720386;9.77E-09;1.8359;99.43156913;;;
8.08E-09;1.1792;93.20983206;1.31E-08;3.378005;122.8630652;6.93E-09;0.7104;71.25930591;9.74E-09;1.9215;102.8133434;;;
8.45E-09;1.2302;96.64284688;1.34E-08;3.39178;122.8705265;8.01E-09;0.8046;80.65483706;1.01E-08;1.995806;105.6208565;;;
8.80E-09;1.2859;100.3240953;1.36E-08;3.447213;122.8695934;8.53E-09;0.8751;87.63044133;1.05E-08;2.032917;106.9779034;;;
9.14E-09;1.333;103.3787059;1.35E-08;3.487213;122.838873;8.46E-09;0.9373;93.73197131;1.01E-08;2.005654;105.9839107;;;
9.47E-09;1.4057;107.9835019;1.34E-08;3.57138;122.6953443;8.34E-09;0.9558;95.53565287;1.06E-08;2.067395;108.2115531;;;
9.61E-09;1.4609;111.3866806;1.31E-08;3.631073;122.5315054;8.83E-09;0.9615;96.09026874;1.10E-08;2.15221;111.1344568;;;
9.74E-09;1.5213;115.0144358;1.29E-08;3.594294;122.6383855;8.79E-09;0.9698;96.89693161;1.13E-08;2.218507;113.3079164;;;
1.03E-08;1.5792;118.3946923;1.20E-08;3.405523;122.87489;8.57E-09;1.0429;103.9491159;1.19E-08;2.311362;116.1873591;;;
1.08E-08;1.6365;121.6433236;1.23E-08;3.476594;122.8494427;8.80E-09;1.101;109.4805044;1.25E-08;2.428486;119.5455132;;;
1.18E-08;1.7352;127.0069283;1.19E-08;3.5151;122.8029809;9.02E-09;1.1678;115.7493179;1.28E-08;2.554954;122.8307176;;;
1.27E-08;1.8187;131.308699;1.16E-08;3.4068;122.8751369;9.93E-09;1.1953;118.2994475;1.34E-08;2.699486;126.1580073;;;
1.31E-08;1.8881;134.7158024;1.10E-08;3.3094;122.7789391;9.83E-09;1.2137;119.9952147;1.38E-08;2.815355;128.5033434;;;
1.39E-08;1.9549;137.8488472;1.03E-08;3.2829;122.7249776;9.58E-09;1.1926;118.0499003;1.38E-08;2.875332;129.607258;;;
1.50E-08;2.0441;141.8062276;1.05E-08;3.3118;122.7832164;9.83E-09;1.2333;121.792018;1.44E-08;2.937186;130.668581;;;
1.46E-08;2.0902;143.749442;1.06E-08;3.3419;122.8286544;9.97E-09;1.3209;129.6959155;1.47E-08;3.008809;131.8013663;;;
1.37E-08;2.0653;142.7085048;1.07E-08;3.402734;122.8742508;9.94E-09;1.3074;128.4918498;1.46E-08;3.08856;132.9438023;;;
1.45E-08;2.1465;146.0280613;1.08E-08;3.436417;122.873609;1.10E-08;1.377;134.6420236;1.46E-08;3.190742;134.2293935;;;
1.46E-08;2.2177;148.7608765;;;;1.18E-08;1.4078;137.3168276;1.46E-08;3.273543;135.1288067;;;
1.52E-08;2.2698;150.6555028;;;;1.19E-08;1.5042;145.4917972;1.40E-08;3.284433;135.2378456;;;
1.56E-08;2.3326;152.8217457;;;;1.22E-08;1.5618;150.22705;1.28E-08;3.166969;133.9478406;;;
1.53E-08;2.3537;153.5208888;;;;1.29E-08;1.5838;152.0049481;1.30E-08;3.17864;134.087383;;;
1.51E-08;2.3655;153.9056199;;;;1.34E-08;1.6483;157.1166429;1.27E-08;3.16;133.8633053;;;
1.44E-08;2.412;155.3781213;;;;1.49E-08;1.7365;163.8555726;1.27E-08;3.0699;132.6875697;;;
1.47E-08;2.43;155.9295335;;;;1.64E-08;1.827;170.4573627;1.20E-08;3.028;132.0876142;;;
1.51E-08;2.4519;156.586501;;;;1.83E-08;1.9075;176.0546557;1.18E-08;3.0819;132.8531184;;;
1.55E-08;2.4755;157.27743;;;;1.90E-08;1.9636;179.7987947;1.20E-08;3.1847;134.1588336;;;
1.58E-08;2.5238;158.636733;;;;2.19E-08;2.0079;182.6631976;1.21E-08;3.011;131.834411;;;
1.60E-08;2.5756;160.0135272;;;;2.30E-08;2.0851;187.4583743;1.23E-08;3.090812;132.9742703;;;
1.61E-08;2.6763;162.454047;;;;2.17E-08;2.1514;191.3754716;1.25E-08;3.149652;133.7360998;;;
1.63E-08;2.7576;164.2019424;;;;2.16E-08;2.1318;190.2368983;;;;;;
1.67E-08;2.8129;165.2800729;;;;2.34E-08;2.2132;194.8583866;;;;;;
1.77E-08;2.829426;165.5851563;;;;2.28E-08;2.2598;197.3769953;;;;;;
1.77E-08;2.86198;166.1633956;;;;2.31E-08;2.2992;199.4341909;;;;;;
1.77E-08;2.833616;165.6612667;;;;2.38E-08;2.3347;201.2310906;;;;;;
1.74E-08;2.890798;166.6503454;;;;2.22E-08;2.3438;201.6830623;;;;;;
1.77E-08;2.941886;167.4569013;;;;2.09E-08;2.3153;200.255779;;;;;;
1.83E-08;2.973664;167.9225679;;;;1.92E-08;2.278;198.3354918;;;;;;
1.80E-08;3.034181;168.7344619;;;;1.92E-08;2.3086;199.9152184;;;;;;
1.84E-08;3.132308;169.8479259;;;;1.99E-08;2.375;203.2059681;;;;;;
1.86E-08;3.228461;170.704902;;;;2.04E-08;2.4361;206.0687454;;;;;;
1.87E-08;3.340968;171.4281954;;;;2.13E-08;2.4893;208.4330716;;;;;;
1.88E-08;3.39201;171.6614794;;;;2.16E-08;2.5085;209.2571843;;;;;;
1.85E-08;3.415277;171.7488453;;;;2.15E-08;2.5574;211.2866276;;;;;;
1.86E-08;3.429203;171.7955499;;;;2.15E-08;2.6612;215.2671391;;;;;;
1.86E-08;3.509382;171.9849085;;;;2.19E-08;2.7515;218.3739406;;;;;;
1.83E-08;3.549546;172.0301698;;;;2.22E-08;2.812678;220.2944352;;;;;;
1.81E-08;3.616616;172.0347545;;;;2.23E-08;2.855573;221.5537612;;;;;;
1.77E-08;3.684569;171.9521635;;;;2.23E-08;2.888;222.4586932;;;;;;
1.76E-08;3.676179;171.9669817;;;;2.19E-08;2.972756;224.6358458;;;;;;
1.65E-08;3.553493;172.0328746;;;;2.27E-08;3.068035;226.7663937;;;;;;
1.69E-08;3.608673;172.0387507;;;;2.35E-08;3.181174;228.8767095;;;;;;
1.62E-08;3.6691;171.9784854;;;;2.29E-08;3.319963;230.8730605;;;;;;
1.61E-08;3.6571;171.9958759;;;;2.30E-08;3.468855;232.3330356;;;;;;
1.61E-08;3.6632;171.9873681;;;;2.26E-08;3.640908;233.2082251;;;;;;
1.54E-08;3.6527;172.0015856;;;;2.27E-08;3.789995;233.3225566;;;;;;
1.54E-08;3.6827;171.9555755;;;;2.35E-08;3.863622;233.1755682;;;;;;
1.51E-08;3.7124;171.8938845;;;;2.33E-08;3.865312;233.1706864;;;;;;
1.50E-08;3.7895;171.6610654;;;;2.34E-08;3.880396;233.1242153;;;;;;
1.52E-08;3.851592;171.4002307;;;;2.40E-08;3.968238;232.7512452;;;;;;
;;;;;;2.44E-08;4.067949;232.1258333;;;;;;
;;;;;;2.38E-08;4.228651;230.7018373;;;;;;
;;;;;;2.41E-08;4.400875;228.6647473;;;;;;
;;;;;;2.37E-08;4.484071;227.5114182;;;;;;
;;;;;;2.33E-08;4.317851;229.7084901;;;;;;
;;;;;;2.45E-08;4.381235;228.9216031;;;;;;
;;;;;;2.34E-08;4.4591;227.8684351;;;;;;
;;;;;;2.26E-08;4.3957;228.7330102;;;;;;
;;;;;;2.18E-08;4.3744;229.0095687;;;;;;
;;;;;;2.06E-08;4.4205;228.4021061;;;;;;
;;;;;;2.08E-08;4.4869;227.4703995;;;;;;
;;;;;;2.11E-08;4.56;226.3712563;;;;;;
;;;;;;2.07E-08;4.665076;224.6659314;;;;;;
;;;;;;2.07E-08;4.747411;223.2343105;;;;;;
